the,DT,限定詞
be,VB,動詞 (原形)
and,CC,調整接続詞
of,IN,前置詞または従属接続詞
to,TO,前置詞to
a,DT,限定詞
in,IN,前置詞または従属接続詞
have,VB,動詞 (原形)
it,PRP,人称代名詞 (PP)
you,PRP,人称代名詞 (PP)
he,PRP,人称代名詞 (PP)
for,IN,前置詞または従属接続詞
they,PRP,人称代名詞 (PP)
not,RB,副詞
that,IN,前置詞または従属接続詞
we,PRP,人称代名詞 (PP)
on,IN,前置詞または従属接続詞
with,IN,前置詞または従属接続詞
this,DT,限定詞
i,NN,名詞
do,VB,動詞 (原形)
as,IN,前置詞または従属接続詞
at,IN,前置詞または従属接続詞
she,PRP,人称代名詞 (PP)
but,CC,調整接続詞
from,IN,前置詞または従属接続詞
by,IN,前置詞または従属接続詞
will,MD,法
or,CC,調整接続詞
say,VB,動詞 (原形)
go,VB,動詞 (原形)
so,RB,副詞
all,DT,限定詞
if,IN,前置詞または従属接続詞
one,CD,基数
would,MD,法
about,IN,前置詞または従属接続詞
can,MD,法
which,WDT,Wh 限定詞
there,RB,副詞
know,VB,動詞 (原形)
more,RBR,副詞 (比較級)
get,VB,動詞 (原形)
who,WP,wh 代名詞
like,IN,前置詞または従属接続詞
when,WRB,Wh 副詞
think,NN,名詞
make,VB,動詞 (原形)
time,NN,名詞
see,VB,動詞 (原形)
what,WP,wh 代名詞
up,RB,副詞
some,DT,限定詞
other,JJ,形容詞
out,IN,前置詞または従属接続詞
good,JJ,形容詞
people,NNS,名詞 (複数形)
year,NN,名詞
take,VB,動詞 (原形)
no,DT,限定詞
well,RB,副詞
because,IN,前置詞または従属接続詞
very,RB,副詞
just,RB,副詞
come,VB,動詞 (原形)
could,MD,法
work,NN,名詞
use,NN,名詞
than,IN,前置詞または従属接続詞
now,RB,副詞
then,RB,副詞
also,RB,副詞
into,IN,前置詞または従属接続詞
only,RB,副詞
look,NN,名詞
want,NN,名詞
give,VB,動詞 (原形)
first,RB,副詞
new,JJ,形容詞
way,NN,名詞
find,VB,動詞 (原形)
over,IN,前置詞または従属接続詞
any,DT,限定詞
after,IN,前置詞または従属接続詞
day,NN,名詞
where,WRB,Wh 副詞
thing,NN,名詞
most,JJS,形容詞 (最上級)
should,MD,法
need,NN,名詞
much,JJ,形容詞
right,NN,名詞
how,WRB,Wh 副詞
back,RB,副詞
mean,NN,名詞
even,RB,副詞
may,MD,法
here,RB,副詞
many,JJ,形容詞
such,JJ,形容詞
last,JJ,形容詞
child,NN,名詞
tell,NN,名詞
really,RB,副詞
call,NN,名詞
before,IN,前置詞または従属接続詞
company,NN,名詞
through,IN,前置詞または従属接続詞
down,RB,副詞
show,NN,名詞
life,NN,名詞
man,NN,名詞
change,NN,名詞
place,NN,名詞
long,RB,副詞
between,IN,前置詞または従属接続詞
feel,NN,名詞
too,RB,副詞
still,RB,副詞
problem,NN,名詞
write,NN,名詞
same,JJ,形容詞
lot,NN,名詞
great,JJ,形容詞
try,NN,名詞
leave,VB,動詞 (原形)
number,NN,名詞
both,DT,限定詞
own,JJ,形容詞
part,NN,名詞
point,NN,名詞
little,JJ,形容詞
help,NN,名詞
ask,NN,名詞
meet,NN,名詞
start,NN,名詞
talk,NN,名詞
something,NN,名詞
put,NN,名詞
another,DT,限定詞
become,NN,名詞
interest,NN,名詞
country,NN,名詞
old,JJ,形容詞
each,DT,限定詞
school,NN,名詞
late,RB,副詞
high,JJ,形容詞
different,JJ,形容詞
off,IN,前置詞または従属接続詞
next,JJ,形容詞
end,NN,名詞
live,JJ,形容詞
why,WRB,Wh 副詞
while,IN,前置詞または従属接続詞
world,NN,名詞
week,NN,名詞
play,NN,名詞
might,MD,法
must,MD,法
home,NN,名詞
never,RB,副詞
include,NN,名詞
course,NN,名詞
house,NN,名詞
report,NN,名詞
group,NN,名詞
case,NN,名詞
woman,NN,名詞
around,IN,前置詞または従属接続詞
book,NN,名詞
family,NN,名詞
seem,NN,名詞
let,VB,動詞 (原形)
again,RB,副詞
kind,NN,名詞
keep,VB,動詞 (原形)
hear,NN,名詞
system,NN,名詞
every,DT,限定詞
question,NN,名詞
during,IN,前置詞または従属接続詞
always,RB,副詞
big,JJ,形容詞
set,NN,名詞
small,JJ,形容詞
study,NN,名詞
follow,VB,動詞 (原形)
begin,NN,名詞
important,JJ,形容詞
since,IN,前置詞または従属接続詞
run,VB,動詞 (原形)
under,IN,前置詞または従属接続詞
turn,NN,名詞
few,JJ,形容詞
bring,NN,名詞
early,RB,副詞
hand,NN,名詞
state,NN,名詞
move,NN,名詞
money,NN,名詞
fact,NN,名詞
however,RB,副詞
area,NN,名詞
provide,NN,名詞
name,NN,名詞
read,NN,名詞
friend,NN,名詞
month,NN,名詞
large,JJ,形容詞
business,NN,名詞
without,IN,前置詞または従属接続詞
information,NN,名詞
open,JJ,形容詞
order,NN,名詞
government,NN,名詞
word,NN,名詞
issue,NN,名詞
market,NN,名詞
pay,NN,名詞
build,NN,名詞
hold,NN,名詞
service,NN,名詞
against,IN,前置詞または従属接続詞
believe,VB,動詞 (原形)
second,JJ,形容詞
though,IN,前置詞または従属接続詞
yes,NNS,名詞 (複数形)
love,NN,名詞
increase,NN,名詞
job,NN,名詞
plan,NN,名詞
result,NN,名詞
away,RB,副詞
example,NN,名詞
happen,VB,動詞 (原形)
offer,NN,名詞
young,JJ,形容詞
close,RB,副詞
program,NN,名詞
lead,NN,名詞
buy,VB,動詞 (原形)
understand,NN,名詞
thank,NN,名詞
far,RB,副詞
today,NN,名詞
hour,NN,名詞
student,NN,名詞
face,NN,名詞
hope,NN,名詞
idea,NN,名詞
cost,NN,名詞
less,RBR,副詞 (比較級)
room,NN,名詞
until,IN,前置詞または従属接続詞
reason,NN,名詞
form,NN,名詞
spend,NN,名詞
head,NN,名詞
car,NN,名詞
learn,NN,名詞
level,NN,名詞
person,NN,名詞
experience,NN,名詞
once,RB,副詞
member,NN,名詞
enough,RB,副詞
bad,JJ,形容詞
city,NN,名詞
night,NN,名詞
able,JJ,形容詞
support,NN,名詞
whether,IN,前置詞または従属接続詞
line,NN,名詞
present,NN,名詞
side,NN,名詞
quite,RB,副詞
although,IN,前置詞または従属接続詞
sure,NN,名詞
term,NN,名詞
least,JJS,形容詞 (最上級)
age,NN,名詞
low,JJ,形容詞
speak,NN,名詞
within,IN,前置詞または従属接続詞
process,NN,名詞
public,NN,名詞
often,RB,副詞
train,NN,名詞
possible,JJ,形容詞
actually,RB,副詞
rather,RB,副詞
view,NN,名詞
together,RB,副詞
consider,VB,動詞 (原形)
price,NN,名詞
parent,NN,名詞
hard,JJ,形容詞
party,NN,名詞
local,JJ,形容詞
control,NN,名詞
already,RB,副詞
concern,NN,名詞
product,NN,名詞
lose,VB,動詞 (原形)
story,NN,名詞
almost,RB,副詞
continue,NN,名詞
stand,NN,名詞
whole,JJ,形容詞
yet,RB,副詞
rate,NN,名詞
care,NN,名詞
expect,VB,動詞 (原形)
effect,NN,名詞
sort,NN,名詞
ever,RB,副詞
anything,NN,名詞
cause,NN,名詞
fall,NN,名詞
deal,NN,名詞
water,NN,名詞
send,NN,名詞
allow,VB,動詞 (原形)
soon,RB,副詞
watch,NN,名詞
base,NN,名詞
probably,RB,副詞
suggest,NN,名詞
past,NN,名詞
power,NN,名詞
test,NN,名詞
visit,NN,名詞
center,NN,名詞
grow,NN,名詞
nothing,NN,名詞
return,NN,名詞
mother,NN,名詞
walk,NN,名詞
matter,NN,名詞
mind,NN,名詞
value,NN,名詞
office,NN,名詞
record,NN,名詞
stay,NN,名詞
force,NN,名詞
stop,NN,名詞
several,JJ,形容詞
light,NN,名詞
develop,VB,動詞 (原形)
remember,VB,動詞 (原形)
bit,NN,名詞
share,NN,名詞
real,JJ,形容詞
answer,NN,名詞
sit,NN,名詞
figure,NN,名詞
letter,NN,名詞
decide,NN,名詞
language,NN,名詞
subject,NN,名詞
class,NN,名詞
development,NN,名詞
town,NN,名詞
half,NN,名詞
minute,NN,名詞
food,NN,名詞
break,NN,名詞
clear,JJ,形容詞
future,NN,名詞
either,DT,限定詞
ago,RB,副詞
per,IN,前置詞または従属接続詞
remain,NN,名詞
top,NN,名詞
among,IN,前置詞または従属接続詞
win,NN,名詞
color,NN,名詞
involve,NN,名詞
reach,NN,名詞
social,JJ,形容詞
period,NN,名詞
across,IN,前置詞または従属接続詞
note,NN,名詞
history,NN,名詞
create,NN,名詞
drive,NN,名詞
along,IN,前置詞または従属接続詞
type,NN,名詞
sound,NN,名詞
eye,NN,名詞
music,NN,名詞
game,NN,名詞
political,JJ,形容詞
free,JJ,形容詞
receive,NN,名詞
moment,NN,名詞
sale,NN,名詞
policy,NN,名詞
further,RB,副詞
body,NN,名詞
require,NN,名詞
wait,NN,名詞
general,JJ,形容詞
appear,VB,動詞 (原形)
toward,IN,前置詞または従属接続詞
team,NN,名詞
easy,JJ,形容詞
individual,JJ,形容詞
full,JJ,形容詞
black,JJ,形容詞
sense,NN,名詞
perhaps,RB,副詞
add,VB,動詞 (原形)
rule,NN,名詞
pass,NN,名詞
produce,NN,名詞
sell,NN,名詞
short,JJ,形容詞
agree,NN,名詞
law,NN,名詞
everything,NN,名詞
research,NN,名詞
cover,NN,名詞
paper,NN,名詞
position,NN,名詞
near,IN,前置詞または従属接続詞
human,NN,名詞
computer,NN,名詞
situation,NN,名詞
staff,NN,名詞
activity,NN,名詞
film,NN,名詞
morning,NN,名詞
war,NN,名詞
account,NN,名詞
shop,NN,名詞
major,JJ,形容詞
someone,NN,名詞
above,IN,前置詞または従属接続詞
design,NN,名詞
event,NN,名詞
special,JJ,形容詞
sometimes,RB,副詞
condition,NN,名詞
carry,NN,名詞
choose,NN,名詞
father,NN,名詞
decision,NN,名詞
table,NN,名詞
certain,JJ,形容詞
forward,RB,副詞
main,JJ,形容詞
die,NN,名詞
bear,NN,名詞
cut,NN,名詞
describe,NN,名詞
himself,PRP,人称代名詞 (PP)
available,JJ,形容詞
especially,RB,副詞
strong,JJ,形容詞
rise,NN,名詞
girl,NN,名詞
maybe,RB,副詞
community,NN,名詞
else,RB,副詞
particular,JJ,形容詞
role,NN,名詞
join,NN,名詞
difficult,JJ,形容詞
please,NN,名詞
detail,NN,名詞
difference,NN,名詞
action,NN,名詞
health,NN,名詞
eat,NN,名詞
step,NN,名詞
true,JJ,形容詞
phone,NN,名詞
themselves,PRP,人称代名詞 (PP)
draw,NN,名詞
white,JJ,形容詞
date,NN,名詞
practice,NN,名詞
model,NN,名詞
raise,NN,名詞
customer,NN,名詞
front,NN,名詞
explain,NN,名詞
door,NN,名詞
outside,IN,前置詞または従属接続詞
behind,IN,前置詞または従属接続詞
economic,JJ,形容詞
site,NN,名詞
approach,NN,名詞
teacher,NN,名詞
land,NN,名詞
charge,NN,名詞
finally,RB,副詞
sign,NN,名詞
claim,NN,名詞
relationship,NN,名詞
travel,NN,名詞
enjoy,NN,名詞
death,NN,名詞
nice,JJ,形容詞
amount,NN,名詞
improve,VB,動詞 (原形)
picture,NN,名詞
boy,NN,名詞
regard,NN,名詞
organization,NN,名詞
happy,JJ,形容詞
couple,NN,名詞
act,NN,名詞
range,NN,名詞
quality,NN,名詞
project,NN,名詞
round,NN,名詞
opportunity,NN,名詞
road,NN,名詞
accord,NN,名詞
list,NN,名詞
wish,NN,名詞
therefore,RB,副詞
wear,NN,名詞
fund,NN,名詞
rest,NN,名詞
kid,NN,名詞
industry,NN,名詞
education,NN,名詞
measure,NN,名詞
kill,NN,名詞
serve,NN,名詞
likely,JJ,形容詞
certainly,RB,副詞
national,JJ,形容詞
itself,PRP,人称代名詞 (PP)
teach,NN,名詞
field,NN,名詞
security,NN,名詞
air,NN,名詞
benefit,NN,名詞
trade,NN,名詞
risk,NN,名詞
news,NN,名詞
standard,NN,名詞
vote,NN,名詞
percent,NN,名詞
focus,NN,名詞
stage,NN,名詞
space,NN,名詞
instead,RB,副詞
realize,VB,動詞 (原形)
usually,RB,副詞
data,NNS,名詞 (複数形)
single,JJ,形容詞
address,NN,名詞
performance,NN,名詞
chance,NN,名詞
accept,NN,名詞
society,NN,名詞
technology,NN,名詞
mention,NN,名詞
choice,NN,名詞
save,VB,動詞 (原形)
common,JJ,形容詞
culture,NN,名詞
total,JJ,形容詞
demand,NN,名詞
material,NN,名詞
limit,NN,名詞
listen,NN,名詞
due,JJ,形容詞
wrong,JJ,形容詞
foot,NN,名詞
effort,NN,名詞
attention,NN,名詞
upon,IN,前置詞または従属接続詞
check,NN,名詞
complete,JJ,形容詞
lie,NN,名詞
pick,NN,名詞
reduce,VB,動詞 (原形)
personal,JJ,形容詞
ground,NN,名詞
animal,NN,名詞
arrive,JJ,形容詞
patient,NN,名詞
current,JJ,形容詞
century,NN,名詞
evidence,NN,名詞
exist,NN,名詞
similar,JJ,形容詞
fight,NN,名詞
leader,NN,名詞
fine,NN,名詞
street,NN,名詞
former,JJ,形容詞
contact,NN,名詞
particularly,RB,副詞
wife,NN,名詞
sport,NN,名詞
prepare,NN,名詞
discuss,NN,名詞
response,NN,名詞
voice,NN,名詞
piece,NN,名詞
finish,NN,名詞
suppose,NN,名詞
apply,VB,動詞 (原形)
president,NN,名詞
fire,NN,名詞
compare,NN,名詞
court,NN,名詞
police,NNS,名詞 (複数形)
store,NN,名詞
poor,JJ,形容詞
knowledge,NN,名詞
laugh,NN,名詞
arm,NN,名詞
heart,NN,名詞
source,NN,名詞
employee,NN,名詞
manage,NN,名詞
simply,RB,副詞
bank,NN,名詞
firm,NN,名詞
cell,NN,名詞
article,NN,名詞
fast,NN,名詞
attack,NN,名詞
foreign,JJ,形容詞
surprise,NN,名詞
feature,NN,名詞
factor,NN,名詞
pretty,RB,副詞
recently,RB,副詞
affect,NN,名詞
drop,NN,名詞
recent,JJ,形容詞
relate,NN,名詞
official,NN,名詞
financial,JJ,形容詞
miss,NN,名詞
art,NN,名詞
campaign,NN,名詞
private,JJ,形容詞
pause,NN,名詞
everyone,NN,名詞
forget,NN,名詞
page,NN,名詞
worry,NN,名詞
summer,NN,名詞
drink,NN,名詞
opinion,NN,名詞
park,NN,名詞
represent,NN,名詞
key,NN,名詞
inside,IN,前置詞または従属接続詞
manager,NN,名詞
international,JJ,形容詞
contain,NN,名詞
notice,NN,名詞
wonder,NN,名詞
nature,NN,名詞
structure,NN,名詞
section,NN,名詞
myself,PRP,人称代名詞 (PP)
exactly,RB,副詞
plant,NN,名詞
paint,NN,名詞
worker,NN,名詞
press,NN,名詞
whatever,WDT,Wh 限定詞
necessary,JJ,形容詞
region,NN,名詞
growth,NN,名詞
evening,VBG,動詞 (動名詞または現在分詞)
influence,NN,名詞
respect,NN,名詞
various,JJ,形容詞
catch,NN,名詞
thus,RB,副詞
skill,NN,名詞
attempt,NN,名詞
son,NN,名詞
simple,NN,名詞
medium,NN,名詞
average,JJ,形容詞
stock,NN,名詞
management,NN,名詞
character,NN,名詞
bed,NN,名詞
hit,NN,名詞
establish,VB,動詞 (原形)
indeed,RB,副詞
final,JJ,形容詞
economy,NN,名詞
fit,NN,名詞
guy,NN,名詞
function,NN,名詞
yesterday,NN,名詞
image,NN,名詞
size,NN,名詞
behavior,NN,名詞
addition,NN,名詞
determine,NN,名詞
station,NN,名詞
population,NN,名詞
fail,NN,名詞
environment,NN,名詞
production,NN,名詞
contract,NN,名詞
player,NN,名詞
comment,NN,名詞
enter,NN,名詞
occur,NN,名詞
alone,RB,副詞
significant,JJ,形容詞
drug,NN,名詞
wall,NN,名詞
series,NN,名詞
direct,JJ,形容詞
success,NN,名詞
tomorrow,NN,名詞
director,NN,名詞
clearly,RB,副詞
lack,NN,名詞
review,NN,名詞
depend,NN,名詞
race,NN,名詞
recognize,VB,動詞 (原形)
window,NN,名詞
purpose,NN,名詞
department,NN,名詞
gain,NN,名詞
tree,NN,名詞
college,NN,名詞
argue,NN,名詞
board,NN,名詞
holiday,NN,名詞
mark,NN,名詞
church,NN,名詞
machine,NN,名詞
achieve,NN,名詞
item,NN,名詞
prove,NN,名詞
cent,NN,名詞
season,NN,名詞
floor,NN,名詞
stuff,NN,名詞
wide,JJ,形容詞
anyone,NN,名詞
method,NN,名詞
analysis,NN,名詞
election,NN,名詞
military,JJ,形容詞
hotel,NN,名詞
club,NN,名詞
below,IN,前置詞または従属接続詞
movie,NN,名詞
doctor,NN,名詞
discussion,NN,名詞
sorry,NN,名詞
challenge,NN,名詞
nation,NN,名詞
nearly,RB,副詞
statement,NN,名詞
link,NN,名詞
despite,IN,前置詞または従属接続詞
introduce,NN,名詞
advantage,NN,名詞
ready,JJ,形容詞
marry,NN,名詞
strike,NN,名詞
mile,NN,名詞
seek,NN,名詞
ability,NN,名詞
unit,NN,名詞
card,NN,名詞
hospital,NN,名詞
quickly,RB,副詞
interview,NN,名詞
agreement,NN,名詞
release,NN,名詞
tax,NN,名詞
solution,NN,名詞
capital,NN,名詞
popular,JJ,形容詞
specific,JJ,形容詞
beautiful,NN,名詞
fear,NN,名詞
aim,NN,名詞
television,NN,名詞
serious,JJ,形容詞
target,NN,名詞
degree,NN,名詞
pull,NN,名詞
red,JJ,形容詞
husband,NN,名詞
access,NN,名詞
movement,NN,名詞
treat,NN,名詞
identify,VB,動詞 (原形)
loss,NN,名詞
shall,MD,法
modern,JJ,形容詞
pressure,NN,名詞
bus,NN,名詞
treatment,NN,名詞
yourself,PRP,人称代名詞 (PP)
supply,NN,名詞
village,NN,名詞
worth,NN,名詞
natural,JJ,形容詞
express,NN,名詞
indicate,NN,名詞
attend,NN,名詞
brother,NN,名詞
investment,NN,名詞
score,NN,名詞
organize,VB,動詞 (原形)
trip,NN,名詞
beyond,IN,前置詞または従属接続詞
sleep,NN,名詞
fish,NN,名詞
promise,NN,名詞
potential,JJ,形容詞
energy,NN,名詞
trouble,NN,名詞
relation,NN,名詞
touch,NN,名詞
file,NN,名詞
middle,NN,名詞
bar,NN,名詞
suffer,NN,名詞
strategy,NN,名詞
deep,NN,名詞
except,IN,前置詞または従属接続詞
clean,NN,名詞
tend,NN,名詞
advance,NN,名詞
fill,NN,名詞
star,NN,名詞
network,NN,名詞
generally,RB,副詞
operation,NN,名詞
match,NN,名詞
avoid,NN,名詞
seat,NN,名詞
throw,NN,名詞
task,NN,名詞
normal,JJ,形容詞
goal,NN,名詞
associate,NN,名詞
blue,NN,名詞
positive,JJ,形容詞
option,NN,名詞
box,NN,名詞
huge,JJ,形容詞
message,NN,名詞
instance,NN,名詞
style,NN,名詞
refer,NN,名詞
cold,NN,名詞
push,NN,名詞
quarter,NN,名詞
assume,VB,動詞 (原形)
baby,NN,名詞
successful,JJ,形容詞
sing,VBG,動詞 (動名詞または現在分詞)
doubt,NN,名詞
competition,NN,名詞
theory,NN,名詞
propose,NN,名詞
reference,NN,名詞
argument,NN,名詞
adult,NN,名詞
fly,NN,名詞
document,NN,名詞
pattern,NN,名詞
application,NN,名詞
hot,JJ,形容詞
obviously,RB,副詞
unclear,JJ,形容詞
bill,NN,名詞
search,NN,名詞
separate,JJ,形容詞
central,JJ,形容詞
career,NN,名詞
anyway,RB,副詞
speech,NN,名詞
dog,NN,名詞
officer,NN,名詞
throughout,IN,前置詞または従属接続詞
oil,NN,名詞
dress,NN,名詞
profit,NN,名詞
guess,NN,名詞
fun,NN,名詞
protect,NN,名詞
resource,NN,名詞
science,NN,名詞
disease,NN,名詞
balance,NN,名詞
damage,NN,名詞
basis,NN,名詞
author,NN,名詞
basic,JJ,形容詞
encourage,NN,名詞
hair,NN,名詞
male,NN,名詞
operate,NN,名詞
reflect,NN,名詞
exercise,NN,名詞
useful,JJ,形容詞
restaurant,NN,名詞
income,NN,名詞
property,NN,名詞
previous,JJ,形容詞
dark,NN,名詞
imagine,NN,名詞
okay,NN,名詞
earn,NN,名詞
daughter,NN,名詞
post,NN,名詞
newspaper,NN,名詞
define,NN,名詞
conclusion,NN,名詞
clock,NN,名詞
everybody,NN,名詞
weekend,NN,名詞
perform,NN,名詞
professional,JJ,形容詞
mine,NN,名詞
debate,NN,名詞
memory,NN,名詞
green,JJ,形容詞
song,NN,名詞
object,NN,名詞
maintain,NN,名詞
credit,NN,名詞
ring,NN,名詞
discover,NN,名詞
dead,JJ,形容詞
afternoon,NN,名詞
prefer,NN,名詞
extend,NN,名詞
possibility,NN,名詞
direction,NN,名詞
facility,NN,名詞
variety,NN,名詞
daily,JJ,形容詞
clothes,NNS,名詞 (複数形)
screen,NN,名詞
track,NN,名詞
dance,NN,名詞
completely,RB,副詞
female,NN,名詞
responsibility,NN,名詞
original,JJ,形容詞
sister,NN,名詞
rock,NN,名詞
dream,NN,名詞
nor,CC,調整接続詞
university,NN,名詞
easily,RB,副詞
agency,NN,名詞
dollar,NN,名詞
garden,NN,名詞
fix,NN,名詞
ahead,RB,副詞
cross,NN,名詞
yeah,NN,名詞
weight,NN,名詞
legal,JJ,形容詞
proposal,NN,名詞
version,NN,名詞
conversation,NN,名詞
somebody,NN,名詞
pound,NN,名詞
magazine,NN,名詞
shape,NN,名詞
sea,NN,名詞
immediately,RB,副詞
welcome,NN,名詞
smile,NN,名詞
communication,NN,名詞
agent,NN,名詞
traditional,JJ,形容詞
replace,VB,動詞 (原形)
judge,NN,名詞
herself,NN,名詞
suddenly,RB,副詞
generation,NN,名詞
estimate,NN,名詞
favorite,NN,名詞
difficulty,NN,名詞
purchase,NN,名詞
shoot,NN,名詞
announce,NN,名詞
unless,IN,前置詞または従属接続詞
independent,JJ,形容詞
recommend,NN,名詞
survey,NN,名詞
majority,NN,名詞
stick,NN,名詞
request,NN,名詞
rich,JJ,形容詞
wind,NN,名詞
none,NN,名詞
exchange,NN,名詞
budget,NN,名詞
famous,JJ,形容詞
blood,NN,名詞
appropriate,NN,名詞
block,NN,名詞
warm,NN,名詞
count,NN,名詞
scene,NN,名詞
writer,NN,名詞
content,NN,名詞
prevent,NN,名詞
safe,JJ,形容詞
invite,NN,名詞
mix,NN,名詞
element,NN,名詞
effective,JJ,形容詞
correct,NN,名詞
medical,JJ,形容詞
admit,NN,名詞
beat,NN,名詞
telephone,NN,名詞
copy,NN,名詞
committee,NN,名詞
aware,JJ,形容詞
advice,NN,名詞
handle,NN,名詞
glass,NN,名詞
trial,NN,名詞
stress,NN,名詞
radio,NN,名詞
administration,NN,名詞
complex,JJ,形容詞
text,NN,名詞
context,NN,名詞
ride,NN,名詞
directly,RB,副詞
heavy,JJ,形容詞
remove,VB,動詞 (原形)
conduct,NN,名詞
equipment,NN,名詞
otherwise,RB,副詞
title,NN,名詞
extra,JJ,形容詞
executive,NN,名詞
chair,NN,名詞
expensive,JJ,形容詞
sample,NN,名詞
sex,NN,名詞
deliver,NN,名詞
video,NN,名詞
connection,NN,名詞
primary,NN,名詞
weather,NN,名詞
collect,NN,名詞
inform,NN,名詞
principle,NN,名詞
straight,NN,名詞
appeal,NN,名詞
highly,RB,副詞
trust,NN,名詞
wonderful,NN,名詞
flat,JJ,形容詞
absolutely,RB,副詞
flow,NN,名詞
fair,NN,名詞
additional,JJ,形容詞
responsible,JJ,形容詞
farm,NN,名詞
collection,NN,名詞
hang,NN,名詞
negative,JJ,形容詞
band,NN,名詞
relative,NN,名詞
tour,NN,名詞
alternative,NN,名詞
software,NN,名詞
pair,NN,名詞
ship,NN,名詞
attitude,NN,名詞
cheap,NN,名詞
double,RB,副詞
leg,NN,名詞
observe,NN,名詞
sentence,NN,名詞
print,NN,名詞
progress,NN,名詞
truth,NN,名詞
nobody,NN,名詞
examine,NN,名詞
lay,NN,名詞
speed,NN,名詞
politics,NNS,名詞 (複数形)
reply,NN,名詞
display,NN,名詞
transfer,NN,名詞
perfect,NN,名詞
slightly,RB,副詞
overall,JJ,形容詞
intend,NN,名詞
user,NN,名詞
respond,NN,名詞
dinner,NN,名詞
slow,VB,動詞 (原形)
regular,JJ,形容詞
physical,JJ,形容詞
apart,RB,副詞
suit,NN,名詞
federal,JJ,形容詞
reveal,NN,名詞
percentage,NN,名詞
peace,NN,名詞
status,NN,名詞
crime,NN,名詞
decline,NN,名詞
decade,NN,名詞
launch,NN,名詞
warn,NN,名詞
consumer,NN,名詞
favor,NN,名詞
dry,NN,名詞
partner,NN,名詞
institution,NN,名詞
spot,NN,名詞
horse,NN,名詞
eventually,RB,副詞
heat,NN,名詞
excite,NN,名詞
reader,NN,名詞
importance,NN,名詞
distance,NN,名詞
guide,NN,名詞
grant,NN,名詞
taxi,NN,名詞
feed,NN,名詞
pain,NN,名詞
sector,NN,名詞
mistake,NN,名詞
ensure,VB,動詞 (原形)
satisfy,NN,名詞
chief,NN,名詞
cool,NN,名詞
expert,NN,名詞
wave,NN,名詞
south,NN,名詞
labor,NN,名詞
surface,NN,名詞
library,NN,名詞
excellent,NN,名詞
edge,NN,名詞
camp,NN,名詞
audience,NN,名詞
lift,NN,名詞
procedure,NN,名詞
email,NN,名詞
global,JJ,形容詞
struggle,NN,名詞
advertise,NN,名詞
select,NN,名詞
surround,NN,名詞
extent,NN,名詞
river,NN,名詞
annual,JJ,形容詞
fully,RB,副詞
contrast,NN,名詞
roll,NN,名詞
reality,NN,名詞
photograph,NN,名詞
artist,NN,名詞
conflict,NN,名詞
entire,JJ,形容詞
presence,NN,名詞
crowd,NN,名詞
corner,NN,名詞
gas,NN,名詞
shift,NN,名詞
net,NN,名詞
category,NN,名詞
secretary,NN,名詞
defense,NN,名詞
quick,NN,名詞
cook,NN,名詞
spread,NN,名詞
nuclear,JJ,形容詞
scale,NN,名詞
driver,NN,名詞
ball,NN,名詞
cry,NN,名詞
introduction,NN,名詞
requirement,NN,名詞
north,NN,名詞
confirm,NN,名詞
senior,JJ,形容詞
photo,NN,名詞
refuse,NN,名詞
transport,NN,名詞
emerge,NN,名詞
map,NN,名詞
concept,NN,名詞
island,NN,名詞
reform,NN,名詞
neither,DT,限定詞
football,NN,名詞
survive,NN,名詞
flight,NN,名詞
left,NN,名詞
solve,NN,名詞
neighbor,NN,名詞
background,NN,名詞
technique,NN,名詞
traffic,NN,名詞
improvement,NN,名詞
tool,NN,名詞
consequence,NN,名詞
circumstance,NN,名詞
smoke,NN,名詞
reaction,NN,名詞
rain,NN,名詞
busy,JJ,形容詞
lesson,NN,名詞
brain,NN,名詞
mass,NN,名詞
funny,NN,名詞
contribute,NN,名詞
failure,NN,名詞
schedule,NN,名詞
speaker,NN,名詞
bottom,NN,名詞
adopt,NN,名詞
combine,NN,名詞
mountain,NN,名詞
waste,NN,名詞
hide,NN,名詞
marriage,NN,名詞
ticket,NN,名詞
meal,NN,名詞
colleague,NN,名詞
bag,NN,名詞
repeat,NN,名詞
equal,JJ,形容詞
expression,NN,名詞
plus,CC,調整接続詞
extremely,RB,副詞
owner,NN,名詞
plane,NN,名詞
commercial,JJ,形容詞
lady,NN,名詞
duty,NN,名詞
strength,NN,名詞
connect,NN,名詞
cultural,JJ,形容詞
arrange,NN,名詞
scheme,NN,名詞
payment,NN,名詞
unfortunately,RB,副詞
brief,NN,名詞
bird,NN,名詞
demonstrate,NN,名詞
contribution,NN,名詞
appreciate,NN,名詞
chapter,NN,名詞
secret,NN,名詞
apparently,RB,副詞
novel,NN,名詞
union,NN,名詞
burn,NN,名詞
trend,NN,名詞
initial,JJ,形容詞
pleasure,NN,名詞
suggestion,NN,名詞
critical,JJ,形容詞
gather,NN,名詞
mostly,RB,副詞
earth,NN,名詞
pop,NN,名詞
essential,JJ,形容詞
desire,NN,名詞
promote,NN,名詞
currently,RB,副詞
employ,NN,名詞
path,NN,名詞
topic,NN,名詞
beach,NN,名詞
attract,NN,名詞
engage,NN,名詞
powerful,JJ,形容詞
flower,NN,名詞
crisis,NN,名詞
settle,VB,動詞 (原形)
boat,NN,名詞
aid,NN,名詞
fan,NN,名詞
kitchen,NN,名詞
twice,RB,副詞
fresh,JJ,形容詞
delay,NN,名詞
safety,NN,名詞
engineer,NN,名詞
quiet,JJ,形容詞
insurance,NN,名詞
nurse,NN,名詞
divide,NN,名詞
length,NN,名詞
investigation,NN,名詞
package,NN,名詞
somewhere,RB,副詞
expand,NN,名詞
commit,NN,名詞
obvious,JJ,形容詞
jump,NN,名詞
weapon,NN,名詞
relatively,RB,副詞
host,NN,名詞
winter,NN,名詞
district,NN,名詞
broad,JJ,形容詞
tire,NN,名詞
spring,NN,名詞
spirit,NN,名詞
lunch,NN,名詞
actual,JJ,形容詞
pool,NN,名詞
battle,NN,名詞
tradition,NN,名詞
cash,NN,名詞
hardly,RB,副詞
award,NN,名詞
coach,NN,名詞
experiment,NN,名詞
consideration,NN,名詞
strange,NN,名詞
code,NN,名詞
possibly,RB,副詞
threat,NN,名詞
accident,NN,名詞
impossible,JJ,形容詞
revenue,NN,名詞
enable,JJ,形容詞
afraid,NN,名詞
active,JJ,形容詞
conclude,NN,名詞
religious,JJ,形容詞
cancer,NN,名詞
convince,NN,名詞
vary,NN,名詞
environmental,JJ,形容詞
sun,NN,名詞
healthy,JJ,形容詞
blow,NN,名詞
volume,NN,名詞
location,NN,名詞
invest,NN,名詞
proceed,NN,名詞
wash,NN,名詞
actor,NN,名詞
glad,NN,名詞
tape,NN,名詞
whereas,NNS,名詞 (複数形)
opposite,NN,名詞
stone,NN,名詞
sum,NN,名詞
murder,NN,名詞
monitor,NN,名詞
soldier,NN,名詞
finance,NN,名詞
hate,NN,名詞
egg,NN,名詞
concert,NN,名詞
shock,NN,名詞
comfortable,JJ,形容詞
usual,JJ,形容詞
carefully,RB,副詞
pack,NN,名詞
recall,NN,名詞
wine,NN,名詞
camera,NN,名詞
swim,NN,名詞
manufacture,NN,名詞
theater,NN,名詞
cycle,NN,名詞
coffee,NN,名詞
totally,RB,副詞
museum,NN,名詞
visitor,NN,名詞
freedom,NN,名詞
construction,NN,名詞
dear,NN,名詞
objective,NN,名詞
moreover,NN,名詞
onto,IN,前置詞または従属接続詞
historical,JJ,形容詞
oppose,NN,名詞
branch,NN,名詞
vehicle,NN,名詞
scientist,NN,名詞
route,NN,名詞
bind,NN,名詞
belong,NN,名詞
taste,NN,名詞
tonight,NN,名詞
fashion,NN,名詞
danger,NN,名詞
bomb,NN,名詞
army,NN,名詞
dangerous,JJ,形容詞
decrease,NN,名詞
hurt,NN,名詞
council,NN,名詞
editor,NN,名詞
normally,RB,副詞
sight,NN,名詞
generate,NN,名詞
gift,NN,名詞
delivery,NN,名詞
deny,NN,名詞
guest,NN,名詞
anybody,NN,名詞
bedroom,NN,名詞
quote,NN,名詞
climb,NN,名詞
basically,RB,副詞
violence,NN,名詞
minister,NN,名詞
mainly,RB,副詞
mouth,NN,名詞
noise,NN,名詞
manner,NN,名詞
gun,NN,名詞
square,NN,名詞
occasion,NN,名詞
familiar,JJ,形容詞
ignore,NN,名詞
destroy,NN,名詞
affair,NN,名詞
civil,JJ,形容詞
locate,NN,名詞
citizen,NN,名詞
temperature,NN,名詞
gold,NN,名詞
domestic,JJ,形容詞
load,NN,名詞
belief,NN,名詞
troop,NN,名詞
technical,JJ,形容詞
remind,NN,名詞
arrangement,NN,名詞
skin,NN,名詞
prison,NN,名詞
switch,NN,名詞
acquire,VB,動詞 (原形)
corporate,JJ,形容詞
fairly,RB,副詞
wood,NN,名詞
participate,VB,動詞 (原形)
tough,JJ,形容詞
tear,NN,名詞
representative,NN,名詞
capacity,NN,名詞
border,NN,名詞
shake,NN,名詞
assessment,NN,名詞
shoe,NN,名詞
ought,MD,法
ad,NN,名詞
fee,NN,名詞
hall,NN,名詞
regulation,NN,名詞
escape,NN,名詞
studio,NN,名詞
proper,NN,名詞
relax,NN,名詞
tourist,NN,名詞
component,NN,名詞
afford,NN,名詞
lawyer,NN,名詞
suspect,NN,名詞
cup,NN,名詞
description,NN,名詞
confidence,NN,名詞
industrial,JJ,形容詞
complain,NN,名詞
perspective,NN,名詞
error,NN,名詞
arrest,NN,名詞
assess,NN,名詞
register,NN,名詞
asset,NN,名詞
signal,NN,名詞
finger,NN,名詞
relevant,NN,名詞
explore,NN,名詞
leadership,NN,名詞
commitment,NN,名詞
wake,NN,名詞
necessarily,RB,副詞
bright,NN,名詞
frame,NN,名詞
slowly,RB,副詞
bond,NN,名詞
hire,NN,名詞
hole,NN,名詞
tie,NN,名詞
internal,JJ,形容詞
chain,NN,名詞
literature,NN,名詞
victim,NN,名詞
threaten,NNS,名詞 (複数形)
division,NN,名詞
secure,NN,名詞
amaze,NN,名詞
device,NN,名詞
birth,NN,名詞
forest,NN,名詞
label,NN,名詞
root,NN,名詞
factory,NN,名詞
expense,NN,名詞
channel,NNS,名詞 (複数形)
investigate,NN,名詞
recommendation,NN,名詞
rank,NN,名詞
typical,JJ,形容詞
west,NN,名詞
friendly,RB,副詞
resident,NN,名詞
provision,NN,名詞
concentrate,NN,名詞
plenty,NN,名詞
export,NN,名詞
entirely,RB,副詞
strongly,RB,副詞
bridge,NN,名詞
consist,NN,名詞
graduate,NN,名詞
brand,NN,名詞
moral,JJ,形容詞
insist,NN,名詞
combination,NN,名詞
abuse,NN,名詞
ice,NN,名詞
principal,NN,名詞
master,NN,名詞
definitely,RB,副詞
session,NN,名詞
grade,NN,名詞
nevertheless,RB,副詞
predict,NN,名詞
previously,RB,副詞
protection,NN,名詞
largely,RB,副詞
wed,NN,名詞
rent,NN,名詞
shot,NN,名詞
appearance,NN,名詞
reasonable,JJ,形容詞
guarantee,NN,名詞
till,NN,名詞
theme,NN,名詞
judgment,NN,名詞
odd,NN,名詞
approve,VB,動詞 (原形)
loan,NN,名詞
definition,NN,名詞
elect,NN,名詞
atmosphere,RB,副詞
farmer,NN,名詞
comparison,NN,名詞
characteristic,JJ,形容詞
license,NN,名詞
rely,RB,副詞
narrow,NN,名詞
succeed,VB,動詞 (原形)
identity,NN,名詞
desk,NN,名詞
permit,NN,名詞
seriously,RB,副詞
wild,NN,名詞
empty,JJ,形容詞
commission,NN,名詞
unique,NN,名詞
association,NN,名詞
instrument,NN,名詞
investor,NN,名詞
practical,JJ,形容詞
tea,NN,名詞
lovely,RB,副詞
soft,JJ,形容詞
row,NN,名詞
youth,NN,名詞
lock,NN,名詞
fuel,NN,名詞
expectation,NN,名詞
employment,NN,名詞
celebrate,NN,名詞
sexual,JJ,形容詞
shoulder,NN,名詞
breath,NN,名詞
increasingly,RB,副詞
import,NN,名詞
bottle,NN,名詞
ourselves,NNS,名詞 (複数形)
sheet,NN,名詞
engine,NN,名詞
cast,NN,名詞
notion,NN,名詞
conservative,JJ,形容詞
journey,NN,名詞
opposition,NN,名詞
relief,NN,名詞
debt,NN,名詞
honor,NN,名詞
outcome,NN,名詞
blame,NN,名詞
explanation,NN,名詞
arise,NN,名詞
musical,JJ,形容詞
recover,NN,名詞
dad,NN,名詞
stretch,NN,名詞
declare,NN,名詞
retire,NN,名詞
tiny,JJ,形容詞
careful,NN,名詞
suitable,JJ,形容詞
native,JJ,形容詞
fruit,NN,名詞
analyze,NN,名詞
witness,NN,名詞
mail,NN,名詞
terrible,JJ,形容詞
researcher,NN,名詞
ordinary,JJ,形容詞
selection,NN,名詞
anywhere,RB,副詞
mental,NN,名詞
participant,NN,名詞
vision,NN,名詞
personality,NN,名詞
specifically,RB,副詞
fat,NN,名詞
entry,NN,名詞
fellow,NN,名詞
chemical,NN,名詞
capture,NN,名詞
tip,NN,名詞
discount,NN,名詞
peak,NN,名詞
chairman,NN,名詞
proportion,NN,名詞
ear,NN,名詞
disappear,NN,名詞
shout,NN,名詞
yard,NN,名詞
constant,JJ,形容詞
significantly,RB,副詞
hill,NN,名詞
considerable,JJ,形容詞
instruction,NN,名詞
intelligence,NN,名詞
ideal,NN,名詞
folk,NN,名詞
surely,RB,副詞
guard,NN,名詞
cat,NN,名詞
somewhat,RB,副詞
kiss,NN,名詞
presentation,NN,名詞
joint,NN,名詞
compete,NN,名詞
poll,NN,名詞
weak,JJ,形容詞
faith,NN,名詞
reduction,NN,名詞
reserve,NN,名詞
complaint,NN,名詞
bore,NN,名詞
mission,NN,名詞
somehow,NN,名詞
tone,NN,名詞
neighborhood,NN,名詞
passenger,NN,名詞
justice,NN,名詞
phase,NN,名詞
thin,NN,名詞
rush,NN,名詞
formal,JJ,形容詞
religion,NN,名詞
employer,NN,名詞
reject,NN,名詞
latter,NN,名詞
plate,NN,名詞
ban,NN,名詞
steal,NN,名詞
protest,NN,名詞
index,NN,名詞
sad,NN,名詞
frequently,RB,副詞
circle,NN,名詞
helpful,NN,名詞
command,NN,名詞
attractive,JJ,形容詞
sick,NN,名詞
impression,NN,名詞
unable,JJ,形容詞
joke,NN,名詞
sky,NN,名詞
column,NN,名詞
electronic,JJ,形容詞
impose,VB,動詞 (原形)
criminal,JJ,形容詞
besides,IN,前置詞または従属接続詞
properly,RB,副詞
ancient,NN,名詞
coast,NN,名詞
ill,NN,名詞
kick,NN,名詞
closely,RB,副詞
multiple,NN,名詞
yield,NN,名詞
via,IN,前置詞または従属接続詞
legislation,NN,名詞
county,NN,名詞
unlike,IN,前置詞または従属接続詞
mobile,NN,名詞
assistant,NN,名詞
implement,NN,名詞
chart,NN,名詞
attach,NN,名詞
hell,NN,名詞
everywhere,RB,副詞
advise,NN,名詞
household,NN,名詞
acknowledge,NN,名詞
reward,NN,名詞
east,NN,名詞
hat,NN,名詞
academic,JJ,形容詞
voter,NN,名詞
meanwhile,RB,副詞
furthermore,RB,副詞
accuse,NN,名詞
scientific,JJ,形容詞
wage,NN,名詞
absence,NN,名詞
construct,NN,名詞
remark,NN,名詞
medicine,NN,名詞
professor,NN,名詞
rare,NN,名詞
intention,NN,名詞
dozen,NN,名詞
settlement,NN,名詞
gap,NN,名詞
widely,RB,副詞
minimum,NN,名詞
northern,JJ,形容詞
estate,NN,名詞
equally,RB,副詞
expose,VB,動詞 (原形)
alive,JJ,形容詞
shut,NN,名詞
victory,NN,名詞
resolve,NN,名詞
critic,NN,名詞
variable,JJ,形容詞
enormous,JJ,形容詞
sweet,NN,名詞
permanent,NN,名詞
emotion,NN,名詞
pursue,NN,名詞
tall,NN,名詞
urge,NN,名詞
enemy,NN,名詞
appoint,NN,名詞
milk,NN,名詞
talent,NN,名詞
smell,NN,名詞
prior,RB,副詞
priority,NN,名詞
online,NN,名詞
phrase,NN,名詞
pilot,NN,名詞
stable,JJ,形容詞
merely,RB,副詞
resolution,NN,名詞
communicate,NN,名詞
injury,NN,名詞
vast,NN,名詞
exhibition,NN,名詞
producer,NN,名詞
regional,JJ,形容詞
immediate,NN,名詞
incident,NN,名詞
childhood,NN,名詞
draft,NN,名詞
slip,NN,名詞
accompany,NN,名詞
politician,NN,名詞
angry,JJ,形容詞
knock,NN,名詞
seed,NN,名詞
salary,NN,名詞
illustrate,NN,名詞
imply,NN,名詞
breakfast,NN,名詞
temporary,JJ,形容詞
liberal,JJ,形容詞
lake,NN,名詞
qualify,VB,動詞 (原形)
competitive,JJ,形容詞
truly,RB,副詞
hi,NN,名詞
yellow,NN,名詞
habit,NN,名詞
disk,NN,名詞
core,NN,名詞
emotional,JJ,形容詞
aircraft,NN,名詞
self,NN,名詞
metal,NN,名詞
existence,NN,名詞
bone,NN,名詞
panel,NN,名詞
prime,NN,名詞
appointment,NN,名詞
emphasize,VB,動詞 (原形)
maximum,NN,名詞
effectively,RB,副詞
elsewhere,RB,副詞
bother,NN,名詞
initiative,NN,名詞
sharp,JJ,形容詞
diet,NN,名詞
motion,NN,名詞
gray,NN,名詞
plastic,NN,名詞
complicate,NN,名詞
discipline,NN,名詞
disappoint,NN,名詞
boss,NN,名詞
assumption,NN,名詞
freeze,NN,名詞
extreme,NN,名詞
passage,NN,名詞
reputation,NN,名詞
forth,NN,名詞
negotiation,NN,名詞
mechanism,NN,名詞
coat,NN,名詞
democracy,NN,名詞
pocket,NN,名詞
lucky,JJ,形容詞
crash,NN,名詞
observation,NN,名詞
meat,NN,名詞
concentration,NN,名詞
implication,NN,名詞
deserve,NN,名詞
unusual,JJ,形容詞
defend,NN,名詞
classic,JJ,形容詞
king,NN,名詞
interaction,NN,名詞
repair,NN,名詞
collapse,NN,名詞
borrow,NN,名詞
fundamental,JJ,形容詞
dish,NN,名詞
abroad,RB,副詞
soul,NN,名詞
capable,JJ,形容詞
defeat,NN,名詞
presidential,JJ,形容詞
perfectly,RB,副詞
enhance,NN,名詞
proud,NN,名詞
emergency,NN,名詞
educational,JJ,形容詞
distinguish,NN,名詞
substantial,JJ,形容詞
nearby,RB,副詞
manufacturer,NN,名詞
slide,NN,名詞
valuable,JJ,形容詞
personally,RB,副詞
breast,NN,名詞
cope,NN,名詞
approximately,RB,副詞
accommodation,NN,名詞
highlight,NN,名詞
reporter,NN,名詞
climate,NN,名詞
shirt,NN,名詞
exception,NN,名詞
corporation,NN,名詞
chip,NN,名詞
winner,NN,名詞
encounter,NN,名詞
brown,NN,名詞
breathe,NN,名詞
excuse,NN,名詞
partly,RB,副詞
tennis,NN,名詞
urban,JJ,形容詞
confuse,NN,名詞
southern,JJ,形容詞
output,NN,名詞
beauty,NN,名詞
massive,JJ,形容詞
install,NN,名詞
calculate,NN,名詞
mouse,NN,名詞
mathematics,NNS,名詞 (複数形)
upper,JJ,形容詞
creation,NN,名詞
occupy,NN,名詞
outline,NN,名詞
sufficient,NN,名詞
update,NN,名詞
luck,NN,名詞
preserve,NN,名詞
split,NN,名詞
swing,VBG,動詞 (動名詞または現在分詞)
illness,NN,名詞
journalist,NN,名詞
sudden,JJ,形容詞
advertisement,NN,名詞
consistent,NN,名詞
originally,RB,副詞
aside,RB,副詞
comfort,NN,名詞
secondly,RB,副詞
severe,JJ,形容詞
gene,NN,名詞
prospect,NN,名詞
snow,NN,名詞
plot,NN,名詞
neck,NN,名詞
criterion,NN,名詞
primarily,RB,副詞
integrate,NN,名詞
criticism,NN,名詞
convention,NN,名詞
bet,NN,名詞
retain,NN,名詞
sequence,NN,名詞
plain,NN,名詞
volunteer,NN,名詞
rural,JJ,形容詞
calm,NN,名詞
abandon,NN,名詞
examination,NN,名詞
silence,NN,名詞
rapidly,RB,副詞
efficient,NN,名詞
revolution,NN,名詞
delight,NN,名詞
spell,NN,名詞
premise,NN,名詞
lean,NN,名詞
dramatic,JJ,形容詞
differ,NN,名詞
grateful,NN,名詞
protein,NN,名詞
bike,NN,名詞
distribute,NN,名詞
intellectual,JJ,形容詞
derive,NN,名詞
crucial,JJ,形容詞
unemployment,NN,名詞
wheel,NN,名詞
crop,NN,名詞
minority,NN,名詞
origin,NN,名詞
interpretation,NN,名詞
gentleman,NN,名詞
drama,NN,名詞
landscape,NN,名詞
educate,NN,名詞
toy,NN,名詞
fault,NN,名詞
exhibit,NN,名詞
minor,NN,名詞
hunt,NN,名詞
storm,NN,名詞
thick,NN,名詞
achievement,NN,名詞
negotiate,NN,名詞
dominate,NN,名詞
supplier,NN,名詞
prize,NN,名詞
typically,RB,副詞
peer,NN,名詞
pension,NN,名詞
wing,VBG,動詞 (動名詞または現在分詞)
acquisition,NN,名詞
laughter,NN,名詞
deeply,NN,名詞
recognition,NN,名詞
electricity,NN,名詞
assistance,NN,名詞
roof,NN,名詞
retirement,NN,名詞
respectively,RB,副詞
variation,NN,名詞
ultimately,RB,副詞
proof,NN,名詞
soil,NN,名詞
smart,NN,名詞
layer,NN,名詞
upset,NN,名詞
tooth,NN,名詞
representation,NN,名詞
preparation,NN,名詞
dispute,NN,名詞
agenda,NN,名詞
emphasis,NN,名詞
edition,NN,名詞
silver,NN,名詞
entertainment,NN,名詞
honest,NN,名詞
undertake,NN,名詞
retail,JJ,形容詞
wire,NN,名詞
unlikely,JJ,形容詞
gay,NN,名詞
publication,NN,名詞
slight,NN,名詞
unknown,JJ,形容詞
framework,NN,名詞
zone,NN,名詞
restrict,NN,名詞
trace,NN,名詞
inch,NN,名詞
equivalent,NN,名詞
solid,JJ,形容詞
enterprise,NN,名詞
elderly,RB,副詞
owe,NN,名詞
governor,NN,名詞
uniform,NN,名詞
port,NN,名詞
pitch,NN,名詞
arrival,NN,名詞
contemporary,JJ,形容詞
gate,NN,名詞
ease,NN,名詞
beer,NN,名詞
specialist,NN,名詞
assure,NN,名詞
profile,NN,名詞
mood,NN,名詞
episode,NN,名詞
crack,NN,名詞
numerous,JJ,形容詞
submit,NN,名詞
symptom,NN,名詞
virtually,RB,副詞
era,NN,名詞
coverage,NN,名詞
tension,NN,名詞
cable,NN,名詞
sensitive,JJ,形容詞
nervous,JJ,形容詞
input,NN,名詞
isolate,NN,名詞
prisoner,NN,名詞
eliminate,NN,名詞
tight,NN,名詞
wet,NN,名詞
secondary,JJ,形容詞
welfare,NN,名詞
recruit,NN,名詞
exclude,NN,名詞
string,NN,名詞
cloud,NN,名詞
persuade,NN,名詞
inspire,NN,名詞
grand,JJ,形容詞
hence,NN,名詞
crew,NN,名詞
phenomenon,NN,名詞
pupil,NN,名詞
false,JJ,形容詞
assist,NN,名詞
restore,NN,名詞
formula,NN,名詞
alter,NN,名詞
perceive,NN,名詞
routine,NN,名詞
sink,NN,名詞
stare,NN,名詞
anymore,RB,副詞
hero,NN,名詞
supporter,NN,名詞
convert,NN,名詞
steady,JJ,形容詞
meter,NN,名詞
truck,NN,名詞
nose,RB,副詞
beside,NN,名詞
sail,NN,名詞
disaster,NN,名詞
pace,NN,名詞
heavily,RB,副詞
devote,NN,名詞
terrorist,NN,名詞
justify,NN,名詞
vital,NN,名詞
fascinate,NN,名詞
external,JJ,形容詞
spare,NN,名詞
whenever,NN,名詞
depression,NN,名詞
guilty,JJ,形容詞
underlie,NN,名詞
mom,NN,名詞
distinction,NN,名詞
satisfaction,NN,名詞
incorporate,NN,名詞
pour,NN,名詞
sweep,NN,名詞
obligation,NN,名詞
sir,NN,名詞
evaluate,NN,名詞
anger,NN,名詞
pub,NN,名詞
perception,NN,名詞
naturally,RB,副詞
currency,NN,名詞
database,NN,名詞
initially,RB,副詞
territory,NN,名詞
stream,NN,名詞
rarely,RB,副詞
height,NN,名詞
apparent,NN,名詞
western,JJ,形容詞
expansion,NN,名詞
constantly,RB,副詞
muscle,NN,名詞
scare,NN,名詞
badly,RB,副詞
everyday,NN,名詞
boundary,NN,名詞
ratio,NN,名詞
essay,NN,名詞
scream,NN,名詞
withdraw,NN,名詞
pollution,NN,名詞
disorder,NN,名詞
furniture,NN,名詞
symbol,NN,名詞
apartment,NN,名詞
demonstration,NN,名詞
analyst,NN,名詞
platform,NN,名詞
steel,NN,名詞
cake,NN,名詞
transform,NN,名詞
wound,NN,名詞
restriction,NN,名詞
foundation,NN,名詞
designer,NN,名詞
strain,NN,名詞
innovation,NN,名詞
album,NN,名詞
singer,NN,名詞
trail,NN,名詞
trap,NN,名詞
loose,JJ,形容詞
extension,NN,名詞
wealth,NN,名詞
gradually,RB,副詞
tank,NN,名詞
evil,NN,名詞
remarkable,JJ,形容詞
tune,NN,名詞
grass,NN,名詞
invitation,NN,名詞
transition,NN,名詞
frighten,NNS,名詞 (複数形)
bid,NN,名詞
breed,NN,名詞
extraordinary,JJ,形容詞
brilliant,NN,名詞
adviser,NN,名詞
stem,NN,名詞
reverse,NN,名詞
mode,NN,名詞
mirror,NN,名詞
awful,NN,名詞
pose,NN,名詞
adjust,NN,名詞
creative,JJ,形容詞
nowadays,NNS,名詞 (複数形)
poem,NN,名詞
agricultural,JJ,形容詞
competitor,NN,名詞
alcohol,NN,名詞
festival,NN,名詞
vegetable,NN,名詞
van,NN,名詞
confident,NN,名詞
planet,NN,名詞
curve,NN,名詞
knee,NN,名詞
overcome,NN,名詞
web,NN,名詞
depth,NN,名詞
entrance,NN,名詞
log,NN,名詞
giant,NN,名詞
god,NN,名詞
portion,NN,名詞
substance,NN,名詞
extensive,JJ,形容詞
interpret,NN,名詞
independence,NN,名詞
sugar,NN,名詞
inner,NN,名詞
harm,NN,名詞
consult,NN,名詞
pink,NN,名詞
shadow,NN,名詞
strip,NN,名詞
smooth,NN,名詞
intervention,NN,名詞
impress,NN,名詞
exam,NN,名詞
vice,NN,名詞
radical,JJ,形容詞
similarly,RB,副詞
behave,NN,名詞
loud,NN,名詞
dimension,NN,名詞
subsequent,NN,名詞
infection,NN,名詞
jacket,NN,名詞
efficiency,NN,名詞
dirty,NN,名詞
statistic,JJ,形容詞
regularly,RB,副詞
resort,NN,名詞
iron,NN,名詞
broadcast,NN,名詞
membership,NN,名詞
bread,NN,名詞
blind,NN,名詞
pure,NN,名詞
bloody,NN,名詞
ally,RB,副詞
quantity,NN,名詞
bend,NN,名詞
mature,NN,名詞
briefly,NN,名詞
alarm,NN,名詞
disturb,NN,名詞
sustain,NN,名詞
flood,NN,名詞
poverty,NN,名詞
crazy,NN,名詞
cite,NN,名詞
newly,RB,副詞
parallel,NN,名詞
gender,NN,名詞
sponsor,NN,名詞
boot,NN,名詞
accurate,NN,名詞
dealer,NN,名詞
button,NN,名詞
burden,NN,名詞
desert,NN,名詞
mate,NN,名詞
occasionally,RB,副詞
shareholder,NN,名詞
bowl,NN,名詞
discovery,NN,名詞
resistance,NN,名詞
bath,NN,名詞
frequency,NN,名詞
criticize,VB,動詞 (原形)
tap,NN,名詞
philosophy,NN,名詞
lip,NN,名詞
attribute,NN,名詞
apologize,VB,動詞 (原形)
approval,NN,名詞
grab,NN,名詞
entitle,NN,名詞
lend,NN,名詞
involvement,NN,名詞
exposure,NN,名詞
conventional,JJ,形容詞
digital,NN,名詞
translate,NN,名詞
edit,NN,名詞
formation,NN,名詞
deposit,NN,名詞
pleasant,NN,名詞
overseas,RB,副詞
advocate,NN,名詞
establishment,NN,名詞
summary,NN,名詞
rough,NN,名詞
pen,VB,動詞 (原形)
recovery,NN,名詞
seal,NN,名詞
tube,NN,名詞
tower,NN,名詞
characterize,NN,名詞
specify,NN,名詞
exact,NN,名詞
spin,NN,名詞
operator,NN,名詞
infant,NN,名詞
dig,NN,名詞
drag,NN,名詞
mount,NN,名詞
wrap,NN,名詞
anticipate,NN,名詞
dependent,NN,名詞
specialize,VB,動詞 (原形)
angle,NN,名詞
chicken,NN,名詞
anxiety,NN,名詞
virus,NN,名詞
precisely,RB,副詞
rival,NN,名詞
offense,NN,名詞
detect,NN,名詞
teenager,NN,名詞
admire,NN,名詞
moderate,NN,名詞
surgery,NN,名詞
musician,NN,名詞
significance,NN,名詞
shower,NN,名詞
illegal,JJ,形容詞
charity,NN,名詞
universal,NN,名詞
cigarette,NN,名詞
constitute,NN,名詞
adequate,NN,名詞
consultant,NN,名詞
historian,NN,名詞
cousin,NN,名詞
visual,JJ,形容詞
stupid,JJ,形容詞
keen,NN,名詞
ethnic,JJ,形容詞
twin,NN,名詞
clinical,JJ,形容詞
eastern,JJ,形容詞
forecast,NN,名詞
segment,NN,名詞
custom,NN,名詞
adapt,NN,名詞
sand,NN,名詞
cap,NN,名詞
prompt,NN,名詞
charm,NN,名詞
react,NN,名詞
lecture,NN,名詞
venture,NN,名詞
compound,NN,名詞
rescue,NN,名詞
mess,NN,名詞
preference,NN,名詞
comprehensive,NN,名詞
incentive,NN,名詞
league,NN,名詞
dialog,NN,名詞
cream,NN,名詞
rapid,JJ,形容詞
cancel,NN,名詞
regret,NN,名詞
dismiss,NN,名詞
margin,NN,名詞
beneath,NN,名詞
opponent,NN,名詞
resist,NN,名詞
capability,NN,名詞
absolute,NN,名詞
correspond,NN,名詞
stroke,NN,名詞
dare,NN,名詞
barrier,NN,名詞
rid,JJ,形容詞
divorce,NN,名詞
ruin,NN,名詞
bury,NN,名詞
counsel,NN,名詞
tendency,NN,名詞
frequent,NN,名詞
motor,NN,名詞
survival,NN,名詞
counter,NN,名詞
possess,NN,名詞
permission,NN,名詞
valley,NN,名詞
float,NN,名詞
mad,NN,名詞
greatly,RB,副詞
visible,JJ,形容詞
electric,JJ,形容詞
impressive,JJ,形容詞
evolution,NN,名詞
awareness,NN,名詞
violent,NN,名詞
slave,NN,名詞
wealthy,NN,名詞
architecture,NN,名詞
acceptable,JJ,形容詞
journal,NN,名詞
coal,NN,名詞
measurement,NN,名詞
random,NN,名詞
successfully,RB,副詞
depress,NN,名詞
illustration,NN,名詞
burst,NN,名詞
privilege,NN,名詞
buyer,NN,名詞
mutual,JJ,形容詞
rail,NN,名詞
motivate,NN,名詞
laboratory,NN,名詞
mortgage,NN,名詞
promotion,NN,名詞
passion,NN,名詞
champion,NN,名詞
fulfill,NN,名詞
dust,NN,名詞
dedicate,NN,名詞
roughly,RB,副詞
skirt,NN,名詞
province,NN,名詞
march,NN,名詞
evaluation,NN,名詞
compromise,NN,名詞
accomplish,NN,名詞
weakness,NN,名詞
announcement,NN,名詞
salt,NN,名詞
glance,NN,名詞
opera,NN,名詞
contest,NN,名詞
brush,NN,名詞
embarrass,NN,名詞
gallery,NN,名詞
genetic,JJ,形容詞
aggressive,JJ,形容詞
chest,NN,名詞
format,NN,名詞
literary,JJ,形容詞
govern,NN,名詞
embrace,NN,名詞
praise,NN,名詞
silent,NN,名詞
pump,NN,名詞
publisher,NN,名詞
celebration,NN,名詞
golf,NN,名詞
compensation,NN,名詞
classical,JJ,形容詞
weigh,NN,名詞
versus,NN,名詞
deficit,NN,名詞
modify,NN,名詞
flash,NN,名詞
friendship,NN,名詞
profession,NN,名詞
literally,RB,副詞
equation,NN,名詞
gesture,NN,名詞
entertain,NN,名詞
fantastic,JJ,形容詞
assign,NN,名詞
inflation,NN,名詞
historic,NN,名詞
injure,NN,名詞
remote,NN,名詞
therapy,NN,名詞
orange,NN,名詞
twist,NN,名詞
personnel,NNS,名詞 (複数形)
imagination,NN,名詞
disagree,NN,名詞
throat,NN,名詞
insight,NN,名詞
tackle,NN,名詞
forever,RB,副詞
exceed,NN,名詞
expenditure,NN,名詞
joy,NN,名詞
pregnant,NN,名詞
reliable,JJ,形容詞
gear,NN,名詞
poet,NN,名詞
fortune,NN,名詞
ceremony,NN,名詞
pile,NN,名詞
pig,NN,名詞
mixture,NN,名詞
automatically,RB,副詞
scholar,NN,名詞
psychological,JJ,形容詞
dramatically,RB,副詞
stake,NN,名詞
creature,NN,名詞
partnership,NN,名詞
participation,NN,名詞
clause,NN,名詞
penalty,NN,名詞
chamber,NN,名詞
fancy,NN,名詞
poetry,NN,名詞
chat,NN,名詞
clothing,NN,名詞
evolve,NN,名詞
sake,NN,名詞
shelf,NN,名詞
boost,NN,名詞
tail,NN,名詞
possession,NN,名詞
abortion,NN,名詞
curious,JJ,形容詞
wooden,NN,名詞
boom,NN,名詞
tale,NN,名詞
democratic,JJ,形容詞
maintenance,NN,名詞
consequently,RB,副詞
pot,NN,名詞
cow,NN,名詞
strengthen,NN,名詞
whilst,NN,名詞
constraint,NN,名詞
fold,NN,名詞
bin,NN,名詞
undergo,NN,名詞
potentially,RB,副詞
scope,NN,名詞
pretend,NN,名詞
diversity,NN,名詞
allege,NN,名詞
pride,NN,名詞
intense,NN,名詞
inquiry,NN,名詞
resign,NN,名詞
craft,NN,名詞
strict,NN,名詞
concrete,NN,名詞
shell,NN,名詞
damn,NN,名詞
distinct,NN,名詞
humor,NN,名詞
limitation,NN,名詞
indication,NN,名詞
stability,NN,名詞
wise,NN,名詞
neglect,NN,名詞
compose,NN,名詞
jail,NN,名詞
shelter,NN,名詞
mere,RB,副詞
carbon,NN,名詞
regulate,NN,名詞
cheese,NN,名詞
trigger,NN,名詞
pipe,NN,名詞
destruction,NN,名詞
guitar,NN,名詞
flag,NN,名詞
piano,NN,名詞
magic,NN,名詞
mystery,NN,名詞
ski,NN,名詞
whisper,NN,名詞
rear,NN,名詞
menu,NN,名詞
species,NNS,名詞 (複数形)
moon,NN,名詞
presumably,RB,副詞
bless,NN,名詞
airline,NN,名詞
amendment,NN,名詞
grandmother,NN,名詞
jury,NN,名詞
cooperation,NN,名詞
civilian,JJ,形容詞
composition,NN,名詞
coin,NN,名詞
regardless,RB,副詞
scan,JJ,形容詞
bunch,NN,名詞
racial,JJ,形容詞
greet,NN,名詞
hopefully,RB,副詞
sanction,NN,名詞
trick,NN,名詞
paragraph,NN,名詞
maker,NN,名詞
chocolate,NN,名詞
stimulate,NN,名詞
belt,NN,名詞
potato,NN,名詞
narrative,JJ,形容詞
tissue,NN,名詞
barely,RB,副詞
invent,NN,名詞
tourism,NN,名詞
pro,NNS,名詞 (複数形)
stair,NN,名詞
hesitate,NN,名詞
shine,NN,名詞
motivation,NN,名詞
romantic,JJ,形容詞
firmly,RB,副詞
interior,NN,名詞
stomach,NN,名詞
nowhere,RB,副詞
pray,NN,名詞
championship,NN,名詞
servant,NN,名詞
immigrant,NN,名詞
excess,NN,名詞
complexity,NN,名詞
liability,NN,名詞
surprisingly,RB,副詞
extract,NN,名詞
implementation,NN,名詞
bias,NN,名詞
differently,RB,副詞
catalog,NN,名詞
continuous,JJ,形容詞
golden,JJ,形容詞
stamp,NN,名詞
guideline,NN,名詞
envelope,NN,名詞
knife,NN,名詞
biological,JJ,形容詞
consume,NN,名詞
luxury,NN,名詞
weekly,JJ,形容詞
wherever,NN,名詞
bite,NN,名詞
printer,NN,名詞
firstly,RB,副詞
anxious,JJ,形容詞
adventure,NN,名詞
fence,NN,名詞
exhaust,NN,名詞
attraction,NN,名詞
ocean,NN,名詞
quietly,RB,副詞
castle,NN,名詞
veteran,NN,名詞
reflection,NN,名詞
nerve,NN,名詞
determination,NN,名詞
altogether,RB,副詞
fiction,NN,名詞
carpet,NN,名詞
cluster,NN,名詞
confusion,NN,名詞
hurry,NN,名詞
logic,NN,名詞
controversial,JJ,形容詞
raw,NN,名詞
grammar,NN,名詞
revise,NN,名詞
hint,NN,名詞
hook,NN,名詞
bell,NN,名詞
liquid,NN,名詞
panic,NN,名詞
uncle,NN,名詞
rice,NN,名詞
slope,NN,名詞
happiness,NN,名詞
genuine,NN,名詞
vessel,NN,名詞
verb,NN,名詞
reckon,NN,名詞
silly,RB,副詞
transportation,NN,名詞
harbor,NN,名詞
comedy,NN,名詞
chase,NN,名詞
storage,NN,名詞
universe,NN,名詞
horrible,JJ,形容詞
sheep,NN,名詞
lover,NN,名詞
rat,NN,名詞
portrait,NN,名詞
innocent,NN,名詞
substitute,NN,名詞
supplement,NN,名詞
adjustment,NN,名詞
reasonably,RB,副詞
filter,NN,名詞
flexible,JJ,形容詞
abstract,NN,名詞
tent,NN,名詞
precise,NN,名詞
distant,NN,名詞
stranger,NN,名詞
shade,NN,名詞
grain,NN,名詞
situate,NN,名詞
summarize,VB,動詞 (原形)
leap,NN,名詞
snap,NN,名詞
probability,NN,名詞
leather,NN,名詞
uncertainty,NN,名詞
swear,NN,名詞
refugee,NN,名詞
shore,NN,名詞
monthly,RB,副詞
comprise,NN,名詞
stir,NN,名詞
excitement,NN,名詞
sigh,NN,名詞
pregnancy,NN,名詞
experimental,NN,名詞
institutional,JJ,形容詞
slice,NN,名詞
wander,NN,名詞
empire,NN,名詞
subsequently,RB,副詞
gentle,NN,名詞
attendance,NN,名詞
ownership,NN,名詞
qualification,NN,名詞
suspend,NN,名詞
functional,JJ,形容詞
voluntary,JJ,形容詞
pale,NN,名詞
stain,NN,名詞
athlete,NN,名詞
organic,JJ,形容詞
tongue,NN,名詞
server,NN,名詞
structural,JJ,形容詞
fool,NN,名詞
alongside,RB,副詞
unite,JJ,形容詞
gently,RB,副詞
compute,NN,名詞
wipe,NN,名詞
weird,NN,名詞
gaze,NN,名詞
fade,NN,名詞
cough,NN,名詞
hypothesis,NN,名詞
royal,NN,名詞
theoretical,JJ,形容詞
curtain,NN,名詞
mayor,NN,名詞
darkness,NN,名詞
aunt,NN,名詞
tournament,NN,名詞
registration,NN,名詞
fragment,NN,名詞
listener,NN,名詞
tender,NN,名詞
density,NN,名詞
ugly,RB,副詞
module,NN,名詞
faithfully,RB,副詞
autumn,NN,名詞
cheek,NN,名詞
attachment,NN,名詞
holder,NN,名詞
grin,NN,名詞
noun,NN,名詞
fortunate,NN,名詞
alright,NN,名詞
lazy,NN,名詞
hello,NN,名詞
hunger,NN,名詞
insure,NN,名詞
ashamed,VBN,動詞 (過去分詞)
found,NN,名詞
thirst,NN,名詞
